{
  "name": "root",
  "gauges": [
    {
      "name": "FinderBrain.mean_reward",
      "value": -2076.1446431055665,
      "min": -101042.57746935349,
      "max": 49.57552461822828,
      "count": 1789
    }
  ],
  "total": 175972.4377345237,
  "count": 1,
  "self": 118.75320963855484,
  "children": [
    {
      "name": "TrainerController.advance",
      "total": 175853.68452488515,
      "count": 1789733,
      "self": 7285.085240842804,
      "children": [
        {
          "name": "env_step",
          "total": 49004.07808340111,
          "count": 1789733,
          "self": 42811.23920094891,
          "children": [
            {
              "name": "SubprocessEnvManager._take_step",
              "total": 6159.674907998026,
              "count": 1789733,
              "self": 42.492103817691714,
              "children": [
                {
                  "name": "PPOPolicy.evaluate",
                  "total": 6117.182804180335,
                  "count": 1789733,
                  "self": 6117.182804180335
                }
              ]
            },
            {
              "name": "workers",
              "total": 33.16397445416962,
              "count": 1789733,
              "self": 0.0,
              "children": [
                {
                  "name": "worker_root",
                  "total": 175841.68513906826,
                  "count": 1789733,
                  "is_parallel": true,
                  "self": 140583.50185096165,
                  "children": [
                    {
                      "name": "BrainInfo.process_pixels",
                      "total": 0.2108080523051541,
                      "count": 9,
                      "is_parallel": true,
                      "self": 0.001672660466727649,
                      "children": [
                        {
                          "name": "image_decompress",
                          "total": 0.20913539183842644,
                          "count": 9,
                          "is_parallel": true,
                          "self": 0.20913539183842644
                        }
                      ]
                    },
                    {
                      "name": "UnityEnvironment.step",
                      "total": 35257.97248005432,
                      "count": 1789733,
                      "is_parallel": true,
                      "self": 2708.408461201463,
                      "children": [
                        {
                          "name": "UnityEnvironment._generate_step_input",
                          "total": 748.5341679606822,
                          "count": 1789733,
                          "is_parallel": true,
                          "self": 748.5341679606822
                        },
                        {
                          "name": "communicator.exchange",
                          "total": 25483.678825161194,
                          "count": 1789733,
                          "is_parallel": true,
                          "self": 25483.678825161194
                        },
                        {
                          "name": "BrainInfo.process_pixels",
                          "total": 6317.351025730979,
                          "count": 16107597,
                          "is_parallel": true,
                          "self": 2339.0141602394015,
                          "children": [
                            {
                              "name": "image_decompress",
                              "total": 3978.3368654915776,
                              "count": 16107597,
                              "is_parallel": true,
                              "self": 3978.3368654915776
                            }
                          ]
                        }
                      ]
                    }
                  ]
                }
              ]
            }
          ]
        },
        {
          "name": "update_policy",
          "total": 119564.52120064123,
          "count": 3066,
          "self": 735.232787383371,
          "children": [
            {
              "name": "PPOPolicy.update",
              "total": 118829.28841325786,
              "count": 183958,
              "self": 118829.28841325786
            }
          ]
        }
      ]
    }
  ]
}